temperatura,data
60.000000,1462237441.930705
