temperatura,data
60.000000,1464470744.821811
