temperatura,data
98.600000,1464470744.821811
