temperatura,data
23.625000,1448161156.681552
